{"mean_iou": 0.9970922470092773, "_timestamp": 1708321412.755564, "_runtime": 226.57538986206055, "_step": 60, "_wandb": {"runtime": 227}}