{"mean_iou": 0.1515427827835083, "_timestamp": 1708342820.0743234, "_runtime": 116.05342650413513, "_step": 30, "_wandb": {"runtime": 116}}