{"mean_iou": 0.9434526562690735, "_timestamp": 1708341589.6629236, "_runtime": 101.51451849937439, "_step": 24, "_wandb": {"runtime": 102}}