{"mean_iou": 0.004629733040928841, "_timestamp": 1708354583.6238859, "_runtime": 87.03759980201721, "_step": 21, "_wandb": {"runtime": 89}}