{"mean_iou": 0.25630414485931396, "_timestamp": 1708407949.672694, "_runtime": 58.14558005332947, "_step": 14, "_wandb": {"runtime": 60}}