{"loss": 0.00044887655531056225, "_timestamp": 1708273587.5532603, "mean_iou": 0.452254056930542, "lr": 5.6418e-05, "_runtime": 5939.150456428528, "_step": 56418}