{"mean_iou": 0.5984102487564087, "_timestamp": 1708340708.9394546, "_runtime": 505.8820595741272, "_step": 147, "_wandb": {"runtime": 505}}