{"avg_loss_train": 1.8079831270461386, "_timestamp": 1708528937.4814677, "avg_mean_iou_train": 0.06690356159146796, "avg_loss_val": 1.484380801518758, "avg_mean_iou_val": 0.06521971896290779, "lr": 9.4e-06, "iou_val_1000": 0.021362250049908955, "_runtime": 28.447770833969116, "_step": 1, "_wandb": {"runtime": 28}}