{"loss": 1.1703436374664307, "_timestamp": 1708245333.366349, "mean_iou": 0.032307278364896774, "lr": 1.1681e-05, "_runtime": 1184.6655650138855, "_step": 11681, "_wandb": {"runtime": 1183}}