{"avg_loss_train": 1.74539474291452e-05, "_timestamp": 1708492218.4592357, "avg_mean_iou_train": 0.8663005384993046, "avg_loss_val": 0.04524851217865944, "avg_mean_iou_val": 0.11902779092391332, "lr": 3.98351850416485e-05, "iou_val_1000": 0.11800145357847214, "_runtime": 2545.1719567775726, "_step": 856, "_wandb": {"runtime": 2559}}