{"mean_iou": 0.22666418552398682, "_timestamp": 1708407856.521433, "_runtime": 118.02897310256958, "_step": 30, "_wandb": {"runtime": 121}}