{"mean_iou": 0.22322197258472443, "_timestamp": 1708342203.7271726, "_runtime": 239.0810685157776, "_step": 65, "_wandb": {"runtime": 241}}