{"avg_loss_train": 0.00021811817962170995, "_timestamp": 1708535596.9416156, "avg_mean_iou_train": 0.9024495114671424, "avg_loss_val": 1.2541857560475667, "avg_mean_iou_val": 0.1340246001879374, "lr": 6.613277714994459e-05, "iou_val_1000": 0.024639973416924477, "_runtime": 3620.5048236846924, "_step": 605, "_wandb": {"runtime": 3620}}