{"loss": 7.700972557067871, "_timestamp": 1708252936.4891672, "mean_iou": 0.0001730868243612349, "lr": 3.3000000000000004e-08, "_runtime": 7.798746109008789, "_step": 33, "_wandb": {"runtime": 21}}