{"mean_iou": 0.0025386090856045485, "_timestamp": 1708355085.2864075, "_runtime": 438.8809154033661, "_step": 128, "_wandb": {"runtime": 439}}