{"mean_iou": 0.7492660284042358, "_timestamp": 1708341330.930768, "_runtime": 58.792927980422974, "_step": 13, "_wandb": {"runtime": 59}}