{"mean_iou": 0.9980577826499939, "_timestamp": 1708276655.018741, "_runtime": 2169.8339149951935, "_step": 615, "_wandb": {"runtime": 2170}}