{"avg_loss_train": 1.2101505639705252, "_timestamp": 1708531914.280788, "avg_mean_iou_train": 0.09579738150251672, "avg_loss_val": 1.2722022930781047, "avg_mean_iou_val": 0.10688253243764241, "lr": 0.000799, "iou_val_1000": 0.022711927071213722, "_runtime": 124.28741097450256, "_step": 16}