{"loss": 26.71930503845215, "_timestamp": 1708255077.1651714, "mean_iou": 0.0009132368140853941, "lr": 2.7e-08, "_runtime": 7.416205406188965, "_step": 27, "_wandb": {"runtime": 16}}