{"mean_iou": 0.2428419589996338, "_timestamp": 1708319886.049887, "_runtime": 291.63366293907166, "_step": 78, "_wandb": {"runtime": 294}}