{"avg_loss_train": 7.425322377109315e-05, "_timestamp": 1708511271.4458442, "avg_mean_iou_train": 0.7851017542341923, "avg_loss_val": 0.04666261374950409, "avg_mean_iou_val": 0.12810442447662354, "lr": 6.271432438835123e-06, "iou_val_1000": 0.08748200833797455, "_runtime": 4963.131875276566, "_step": 1259, "_wandb": {"runtime": 4976}}