{"mean_iou": 0.9982701539993286, "_timestamp": 1708277018.2694085, "_runtime": 62.49359846115112, "_step": 14, "_wandb": {"runtime": 63}}