{"avg_loss_train": 0.010272944385701038, "_timestamp": 1708504852.7264373, "avg_mean_iou_train": 0.36516537374638497, "avg_loss_val": 0.06996927162011464, "avg_mean_iou_val": 0.08548927555481593, "lr": 8.535214259618873e-05, "iou_val_1000": 0.06641696766018867, "_runtime": 1188.5057344436646, "_step": 390, "_wandb": {"runtime": 1189}}