{"avg_loss_train": 0.006194040070268068, "_timestamp": 1708519181.4833102, "avg_mean_iou_train": 0.6970697780872913, "avg_loss_val": 1.1807352304458618, "avg_mean_iou_val": 0.14101944118738174, "lr": 9.582466902299366e-05, "iou_val_1000": 0.02543123501042525, "_runtime": 1272.5784993171692, "_step": 214, "_wandb": {"runtime": 1292}}