{"avg_loss_train": 0.015533075766994598, "_timestamp": 1708505567.9967103, "avg_mean_iou_train": 0.24830976318805775, "avg_loss_val": 0.0626303864022096, "avg_mean_iou_val": 0.09210564196109772, "lr": 9.607591453561082e-05, "iou_val_1000": 0.08392978956302007, "_runtime": 627.3361413478851, "_step": 208}