{"mean_iou": 0.0017305301735177636, "_timestamp": 1708274091.939976, "_runtime": 266.52312707901, "_step": 70, "_wandb": {"runtime": 267}}