{"avg_loss_train": 0.04174450618472505, "_timestamp": 1708517886.63268, "avg_mean_iou_train": 0.10320889505934208, "avg_loss_val": 0.04254589602351189, "avg_mean_iou_val": 0.08113059153159459, "lr": 5.6399999999999995e-05, "iou_val_1000": 0.0830448791384697, "_runtime": 100.26395797729492, "_step": 11, "_wandb": {"runtime": 103}}