{"mean_iou": 0.7750035524368286, "_timestamp": 1708341444.4352949, "_runtime": 34.639304876327515, "_step": 7, "_wandb": {"runtime": 34}}