{"mean_iou": 0.003453986020758748, "_timestamp": 1708277285.8727229, "_runtime": 184.1766209602356, "_step": 52, "_wandb": {"runtime": 183}}