{"avg_loss_train": 0.1560251085048026, "_timestamp": 1708547447.8235955, "avg_mean_iou_train": 0.8139865094042839, "avg_loss_val": 1.569373607635498, "avg_mean_iou_val": 0.10213614006837209, "lr": 0.0, "iou_val_1000": 0.1021320993701617, "_runtime": 9242.633660554886, "_step": 1499, "_wandb": {"runtime": 9241}}