{"mean_iou": 0.15109239518642426, "_timestamp": 1708343411.0473938, "_runtime": 112.01351976394653, "_step": 29, "_wandb": {"runtime": 113}}