{"mean_iou": 0.19957241415977478, "_timestamp": 1708342508.8495042, "_runtime": 104.99770212173462, "_step": 27, "_wandb": {"runtime": 106}}