{"mean_iou": 0.9980593919754028, "_timestamp": 1708320035.3870454, "_runtime": 83.84372329711914, "_step": 20, "_wandb": {"runtime": 85}}