{"mean_iou": 0.9359240531921387, "_timestamp": 1708341868.1322806, "_runtime": 142.36446452140808, "_step": 35, "_wandb": {"runtime": 143}}