{"mean_iou": 0.2783859968185425, "_timestamp": 1708449337.5889416, "_runtime": 124.83369946479797, "_step": 33, "_wandb": {"runtime": 125}}