{"avg_loss_train": 0.03748026410949991, "_timestamp": 1708503604.1523306, "avg_mean_iou_train": 0.13789267520955267, "avg_loss_val": 0.04472315311431885, "avg_mean_iou_val": 0.10436740269263585, "lr": 9.931988483730709e-05, "iou_val_1000": 0.056627546747525535, "_runtime": 309.80449771881104, "_step": 98, "_wandb": {"runtime": 319}}