{"avg_loss_train": 1.0056405473262706, "_timestamp": 1708538131.4442945, "avg_mean_iou_train": 0.5277817236616257, "avg_loss_val": 1.2930496136347454, "avg_mean_iou_val": 0.11774858832359314, "lr": 9.718402688359867e-05, "iou_val_1000": 0.024644171198209126, "_runtime": 1131.769817352295, "_step": 179, "_wandb": {"runtime": 1179}}