{"mean_iou": 0.09001892805099487, "_timestamp": 1708342642.0033028, "_runtime": 91.21144390106201, "_step": 23, "_wandb": {"runtime": 93}}