{"mean_iou": 0.9981414675712585, "_timestamp": 1708407506.937226, "_runtime": 12.000303030014038, "_step": 1, "_wandb": {"runtime": 13}}