{"avg_loss_train": 0.07374331053901226, "_timestamp": 1708529588.1108735, "avg_mean_iou_train": 0.0648122471063695, "avg_loss_val": 0.07107426226139069, "avg_mean_iou_val": 0.06076369186242422, "lr": 0.0009998173389002074, "iou_val_1000": 0.08369537939627965, "_runtime": 202.62552547454834, "_step": 33, "_wandb": {"runtime": 206}}