{"loss": 0.5105991363525391, "_timestamp": 1708321642.6532514, "mean_iou": 0.09840608388185501, "lr": 9.999991943182245e-05, "_runtime": 116.338618516922, "_step": 1080, "_wandb": {"runtime": 127}}