{"mean_iou": 0.1435137689113617, "_timestamp": 1708255497.152355, "_runtime": 54.23952388763428, "_step": 13, "_wandb": {"runtime": 54}}