{"avg_loss_train": 0.07500571440509025, "_timestamp": 1708530968.760334, "avg_mean_iou_train": 0.06462438325298593, "avg_loss_val": 0.07656833281119664, "avg_mean_iou_val": 0.057635905841986336, "lr": 0.0009966246187699576, "iou_val_1000": 0.08231157809495926, "_runtime": 468.764053106308, "_step": 75, "_wandb": {"runtime": 488}}