{"mean_iou": 0.06767163425683975, "_timestamp": 1708520352.8945715, "_runtime": 28.91507363319397, "_step": 3, "_wandb": {"runtime": 30}}