{"mean_iou": 0.10738831758499146, "_timestamp": 1708321019.8199713, "_runtime": 263.3752384185791, "_step": 74, "_wandb": {"runtime": 262}}