{"mean_iou": 0.991226851940155, "_timestamp": 1708340105.488323, "_runtime": 262.7350580692291, "_step": 69, "_wandb": {"runtime": 262}}