{"avg_loss_train": 0.07552820253879466, "_timestamp": 1708531696.0895908, "avg_mean_iou_train": 0.06513575623010068, "avg_loss_val": 0.07605552424987157, "avg_mean_iou_val": 0.0536807564397653, "lr": 0.0009998933189944096, "iou_val_1000": 0.08237369606892268, "_runtime": 229.29538869857788, "_step": 30, "_wandb": {"runtime": 249}}