{"loss": 1.4539353847503662, "_timestamp": 1708244021.4898496, "mean_iou": 0.043025851249694824, "lr": 5.2940000000000005e-06, "_runtime": 541.8708086013794, "_step": 5294, "_wandb": {"runtime": 639}}