{"loss": 7.448738098144531, "_timestamp": 1708265523.908758, "mean_iou": 0.0001722872257232666, "lr": 7e-09, "_runtime": 5.547852993011475, "_step": 7, "_wandb": {"runtime": 14}}