{"mean_iou": 0.5896680951118469, "_timestamp": 1708256073.9797263, "_runtime": 516.0753211975098, "_step": 147, "_wandb": {"runtime": 515}}