{"mean_iou": 0.11796681582927704, "_timestamp": 1708342353.6770375, "_runtime": 91.4434585571289, "_step": 23, "_wandb": {"runtime": 92}}