{"avg_loss_train": 0.0037380557338845856, "_timestamp": 1708493699.2323472, "avg_mean_iou_train": 0.3636599271855456, "avg_loss_val": 0.047789063304662704, "avg_mean_iou_val": 0.1175704151391983, "lr": 9.822697622753062e-05, "iou_val_1000": 0.11929369966189067, "_runtime": 446.8271813392639, "_step": 146, "_wandb": {"runtime": 465}}