{"mean_iou": 0.5365453362464905, "_timestamp": 1708320294.404885, "_runtime": 143.54947304725647, "_step": 39, "_wandb": {"runtime": 144}}