{"mean_iou": 0.15167030692100525, "_timestamp": 1708536737.197223, "_runtime": 592.9423849582672, "_step": 85, "_wandb": {"runtime": 598}}