{"avg_loss_train": 0.0896152525823167, "_timestamp": 1708530160.6564262, "avg_mean_iou_train": 0.08681599462920046, "avg_loss_val": 0.044263592610756554, "avg_mean_iou_val": 0.06766096999247868, "lr": 0.0009988648296721326, "iou_val_1000": 0.0881253331899643, "_runtime": 346.01188921928406, "_step": 52, "_wandb": {"runtime": 367}}