{"mean_iou": 0.009550509043037891, "_timestamp": 1708520740.3675473, "_runtime": 371.38569927215576, "_step": 58, "_wandb": {"runtime": 374}}