{"mean_iou": 0.4065142869949341, "_timestamp": 1708341198.3316314, "_runtime": 57.83710050582886, "_step": 13, "_wandb": {"runtime": 57}}