{"avg_loss_train": 0.05905351272605835, "_timestamp": 1708503270.341423, "avg_mean_iou_train": 0.07854041544363853, "avg_loss_val": 0.057227076341708503, "avg_mean_iou_val": 0.06822271024187405, "lr": 3.76e-05, "iou_val_1000": 0.06883712609608968, "_runtime": 43.26247000694275, "_step": 7}