{"avg_loss_train": 0.0011879464740211026, "_timestamp": 1708529271.5789158, "avg_mean_iou_train": 0.49428845783497427, "avg_loss_val": 0.05140204355120659, "avg_mean_iou_val": 0.09915248552958171, "lr": 9.926650006343346e-05, "iou_val_1000": 0.09238013625144958, "_runtime": 314.1192479133606, "_step": 101, "_wandb": {"runtime": 320}}