{"loss": 8.000304222106934, "_timestamp": 1708255001.654124, "mean_iou": 0.000247805321123451, "lr": 3.1e-08, "_runtime": 7.5127480030059814, "_step": 31}