{"mean_iou": 0.043953943997621536, "_timestamp": 1708536097.3020456, "_runtime": 455.3194806575775, "_step": 64, "_wandb": {"runtime": 455}}