{"loss": 1.7185742535730242e-06, "_timestamp": 1708336080.2254133, "mean_iou": 0.18984201550483704, "lr": 0.0, "_runtime": 14386.78280043602, "_step": 141000, "_wandb": {"runtime": 14386}}