{"avg_loss_train": 0.01007782566816883, "_timestamp": 1708528837.807139, "avg_mean_iou_train": 0.6422646971459084, "avg_loss_val": 1.2099417050679524, "avg_mean_iou_val": 0.12960120538870493, "lr": 9.931988483730709e-05, "iou_val_1000": 0.024133398508032162, "_runtime": 608.0211899280548, "_step": 98, "_wandb": {"runtime": 628}}