{"mean_iou": 0.9964001178741455, "_timestamp": 1708407671.2152152, "_runtime": 132.0392451286316, "_step": 34, "_wandb": {"runtime": 134}}