{"avg_loss_train": 0.0012459459769083782, "_timestamp": 1708495697.7284775, "avg_mean_iou_train": 0.502066544395812, "avg_loss_val": 0.04914734264214834, "avg_mean_iou_val": 0.12833085159460703, "lr": 9.370600372901608e-05, "iou_val_1000": 0.06404914210240047, "_runtime": 787.3115384578705, "_step": 259, "_wandb": {"runtime": 788}}