{"loss": 0.5822358131408691, "_timestamp": 1708318625.685463, "mean_iou": 0.08310151100158691, "lr": 3.6e-05, "_runtime": 41.02748990058899, "_step": 360, "_wandb": {"runtime": 58}}