{"loss": 3.3653035163879395, "_timestamp": 1708318822.9869204, "mean_iou": 0.04553527384996414, "lr": 3.0000000000000004e-07, "_runtime": 35.451550245285034, "_step": 300}