{"loss": 0.1479741781949997, "_timestamp": 1708319465.874419, "mean_iou": 0.09266741573810577, "lr": 9.976307011031542e-05, "_runtime": 565.5997459888458, "_step": 5340}