{"avg_loss_train": 0.0029192076342061477, "_timestamp": 1708493149.9053452, "avg_mean_iou_train": 0.4290034593419826, "avg_loss_val": 0.05344125752647718, "avg_mean_iou_val": 0.07644373178482056, "lr": 9.973235860910861e-05, "iou_val_1000": 0.07679955040415128, "_runtime": 221.33739519119263, "_step": 69, "_wandb": {"runtime": 241}}